Training Loss,Training Accuracy,Training Precision,Training Recall,Training Specificity,Training F-1 Score,Training Class Precision,Training Class Recall,Training Class Specificity,Training Class Accuracy,Training Class F-1 Score,Valid. Loss,Valid. Accuracy,Valid. Precision,Valid. Recall,Valid. Specificity,Valid. F-1 Score,Valid. Class Precision,Valid. Class Recall,Valid. Class Specificity,Valid. Class Accuracy,Valid. Class F-1 Score,Training Time,Validation Time
1.4244321274757386,0.16,0.1535451680672269,0.1441643323996265,0.712720189701897,0.14813660801564027,[0.05882353 0.1        0.3125     0.14285714],[0.07142857 0.1        0.29411765 0.11111111],[0.55555556 0.775      0.66666667 0.85365854],[0.05882353 0.1        0.3125     0.14285714],[0.06451613 0.1        0.3030303  0.125     ],1.3841030168533326,0.16,0.1535451680672269,0.1441643323996265,0.712720189701897,0.14813660801564027,[0.05882353 0.1        0.3125     0.14285714],[0.07142857 0.1        0.29411765 0.11111111],[0.55555556 0.775      0.66666667 0.85365854],[0.05882353 0.1        0.3125     0.14285714],[0.06451613 0.1        0.3030303  0.125     ],0:00:19,0:00:13
1.4111412906646728,0.18,0.17179487179487177,0.1723155929038282,0.7235941734417344,0.1707555888047879,[0.16666667 0.15384615 0.26666667 0.1       ],[0.14285714 0.2        0.23529412 0.11111111],[0.72222222 0.725      0.66666667 0.7804878 ],[0.16666667 0.15384615 0.26666667 0.1       ],[0.15384615 0.17391304 0.25       0.10526316],1.3826185774803161,0.18,0.17179487179487177,0.1723155929038282,0.7235941734417344,0.1707555888047879,[0.16666667 0.15384615 0.26666667 0.1       ],[0.14285714 0.2        0.23529412 0.11111111],[0.72222222 0.725      0.66666667 0.7804878 ],[0.16666667 0.15384615 0.26666667 0.1       ],[0.15384615 0.17391304 0.25       0.10526316],0:00:16,0:00:13
1.366238408088684,0.22,0.2028186274509804,0.20126050420168068,0.7418760778516877,,[0.35294118 0.125      0.33333333 0.        ],[0.42857143 0.2        0.17647059 0.        ],[0.69444444 0.65       0.81818182 0.80487805],[0.35294118 0.125      0.33333333 0.        ],[0.38709677 0.15384615 0.23076923        nan],1.3805598020553589,0.22,0.2028186274509804,0.20126050420168068,0.7418760778516877,,[0.35294118 0.125      0.33333333 0.        ],[0.42857143 0.2        0.17647059 0.        ],[0.69444444 0.65       0.81818182 0.80487805],[0.35294118 0.125      0.33333333 0.        ],[0.38709677 0.15384615 0.23076923        nan],0:00:16,0:00:13
