Training Loss,Training Accuracy,Training Precision,Training Recall,Training Specificity,Training F-1 Score,Training Class Precision,Training Class Recall,Training Class Specificity,Training Class Accuracy,Training Class F-1 Score,Valid. Loss,Valid. Accuracy,Valid. Precision,Valid. Recall,Valid. Specificity,Valid. F-1 Score,Valid. Class Precision,Valid. Class Recall,Valid. Class Specificity,Valid. Class Accuracy,Valid. Class F-1 Score,Training Time,Validation Time
1.3346687650680542,0.34,0.353021978021978,0.3433706816059757,0.7833949248583396,0.3373590982286634,[0.38461538 0.38461538 0.5        0.14285714],[0.35714286 0.5        0.29411765 0.22222222],[0.77777778 0.8        0.84848485 0.70731707],[0.38461538 0.38461538 0.5        0.14285714],[0.37037037 0.43478261 0.37037037 0.17391304],1.3985675168037415,0.34,0.353021978021978,0.3433706816059757,0.7833949248583396,0.3373590982286634,[0.38461538 0.38461538 0.5        0.14285714],[0.35714286 0.5        0.29411765 0.22222222],[0.77777778 0.8        0.84848485 0.70731707],[0.38461538 0.38461538 0.5        0.14285714],[0.37037037 0.43478261 0.37037037 0.17391304],0:00:15,0:00:12
1.4259566211700438,0.26,0.27941176470588236,0.27110177404295055,0.755569413648682,0.2672710622710623,[0.36363636 0.36363636 0.27272727 0.11764706],[0.28571429 0.4        0.17647059 0.22222222],[0.80555556 0.825      0.75757576 0.63414634],[0.36363636 0.36363636 0.27272727 0.11764706],[0.32       0.38095238 0.21428571 0.15384615],1.3985675168037415,0.26,0.27941176470588236,0.27110177404295055,0.755569413648682,0.2672710622710623,[0.36363636 0.36363636 0.27272727 0.11764706],[0.28571429 0.4        0.17647059 0.22222222],[0.80555556 0.825      0.75757576 0.63414634],[0.36363636 0.36363636 0.27272727 0.11764706],[0.32       0.38095238 0.21428571 0.15384615],0:00:14,0:00:12
1.3665526962280274,0.26,0.24503968253968253,0.25329131652661063,0.749919931017492,0.24729793233082709,[0.28571429 0.11111111 0.33333333 0.25      ],[0.28571429 0.1        0.29411765 0.33333333],[0.72222222 0.8        0.6969697  0.7804878 ],[0.28571429 0.11111111 0.33333333 0.25      ],[0.28571429 0.10526316 0.3125     0.28571429],1.3985675168037415,0.26,0.24503968253968253,0.25329131652661063,0.749919931017492,0.24729793233082709,[0.28571429 0.11111111 0.33333333 0.25      ],[0.28571429 0.1        0.29411765 0.33333333],[0.72222222 0.8        0.6969697  0.7804878 ],[0.28571429 0.11111111 0.33333333 0.25      ],[0.28571429 0.10526316 0.3125     0.28571429],0:00:14,0:00:12
